TDSFU Daily run: Thu Oct 23 17:44:55 UTC 2025 TDSFU
TDSFU Daily run: Fri Oct 24 04:34:11 UTC 2025 TDSFU
TDSFU Daily run: Sat Oct 25 04:32:42 UTC 2025 TDSFU
TDSFU Daily run: Sun Oct 26 04:32:54 UTC 2025 TDSFU
TDSFU Daily run: Mon Oct 27 04:42:10 UTC 2025 TDSFU
TDSFU Daily run: Tue Oct 28 04:35:18 UTC 2025 TDSFU
TDSFU Daily run: Wed Oct 29 04:40:47 UTC 2025 TDSFU
TDSFU Daily run: Thu Oct 30 04:34:45 UTC 2025 TDSFU
TDSFU Daily run: Fri Oct 31 04:36:56 UTC 2025 TDSFU
TDSFU Daily run: Sat Nov  1 04:32:59 UTC 2025 TDSFU
TDSFU Daily run: Sun Nov  2 04:34:48 UTC 2025 TDSFU
